1;2;3;4;5;6;7;8;9;10;11;12;13;14;15;16;17;18;19;20;21;22;23;24;25;26;27;28;29;30;31;32;33;34;35;36;37;38;39;40;41;42;43;44;45;46;47;48;49;50;51;52;53;54;55;56;57;58;59;60;61;62;63;64;65;66;67;68;69;70;71;72;73;74;75;76;77;78;79;80;81;82;83;84;85;86;87;88;89;90;91;92;93;94;95;96;97;98;99;100;101;102;103;104;105;106;107;108;109;110;111;112;113;114;115;116;117;118;119;120;121;122;123;124;125;126;127;128;129;130;131;132;133;134;135;136;137;138;139;140;141;142;143;144;145;146;147;148;149;150;151;152;153;154;155;156;157;158;159;160;161;162;163;164;165;166;167;168;169;170;171;172;173;174;175;176;177;178;179;180;181;182;183;184;185;186;187;188;189;190;191;192;193;194;195;196;197;198;199;200;201;202;203;204;205;206;207;208;209;210;211;212;213;214;215;216;217;218;219;220;221;222;223;224;225;226;227;228;229;230;231;232;233;234;235;236;237;238;239;240;241;242;243;244;245;246;247;248;249;250;251;252;253;254;255;256;257;258;259;260;261;262;263;264;265;266;267;268;269;270;271;272;273;274;275;276;277;278;279;280;281;282;283;284;285;286;287;288;289;290;291;292;293;294;295;296;297;298;299;300;301;302;303;304;305;306;307;308;309;310;311;312;313;314;315;316;317;318;319;320;321;322;323;324;325;326;327;328;329;330;331;332;333;334;335;336;337;338;339;340;341;342;343;344;345;346;347;348;349;350;351;352;353;354;355;356;357;358;359;360
100;4;5;3;3;2;6;1;1;1;2;3;1;2;2;2;6;6;10;20;14;11;1;1;1;1200;5;5;6;7;7;0;0;0;0;0;0;0;0;0;0;0;0;0;0;0;0;;;;;;;;;;;;;;;;;;;;;;;;;;;;;;;;;;;;;;;;;;;;;;;;;;;;;;;;;;;;;;;;;;;;;;;;;;;;;;;;;;;;;;;;;;;;;;;;;;;;;;;;;;;;;;;;;;;;;;;;;;;;;;;;;;;;;;;;;;;;;;;;;;;;;;;;;;;;;;;;;;;;;;;;;;;;;;;;;;;;;;;;;;;;;;;;;;;;;;;;;;;;;;;;;;;;;;;;;;;;;;;;;;;;;;;;;;;;;;;;;;;;;;;;;;;;;;;;;;;;;;;;;;;;;;;;;;;;;;;;;;;;;;;;;;;;;;;;;;;;;;;;;;;;;;;;;
2;2;2;1;1;5;5;5;5;5;7;8;8;8;8;60;8;15;1;1;;;;;;;;;;;;;;;;;;;;;;;;;;;;;;;;;;;;;;;;;;;;;;;;;;;;;;;;;;;;;;;;;;;;;;;;;;;;;;;;;;;;;;;;;;;;;;;;;;;;;;;;;;;;;;;;;;;;;;;;;;;;;;;;;;;;;;;;;;;;;;;;;;;;;;;;;;;;;;;;;;;;;;;;;;;;;;;;;;;;;;;;;;;;;;;;;;;;;;;;;;;;;;;;;;;;;;;;;;;;;;;;;;;;;;;;;;;;;;;;;;;;;;;;;;;;;;;;;;;;;;;;;;;;;;;;;;;;;;;;;;;;;;;;;;;;;;;;;;;;;;;;;;;;;;;;;;;;;;;;;;;;;;;;;;;;;;;;;;;;
1;4;1;4;4;4;4;5;5;2;3;3;2;1;5;2;4;4;3;3;4;1;1;5;5;9;2;19;10;3;100;;;;;;;;;;;;;;;;;;;;;;;;;;;;;;;;;;;;;;;;;;;;;;;;;;;;;;;;;;;;;;;;;;;;;;;;;;;;;;;;;;;;;;;;;;;;;;;;;;;;;;;;;;;;;;;;;;;;;;;;;;;;;;;;;;;;;;;;;;;;;;;;;;;;;;;;;;;;;;;;;;;;;;;;;;;;;;;;;;;;;;;;;;;;;;;;;;;;;;;;;;;;;;;;;;;;;;;;;;;;;;;;;;;;;;;;;;;;;;;;;;;;;;;;;;;;;;;;;;;;;;;;;;;;;;;;;;;;;;;;;;;;;;;;;;;;;;;;;;;;;;;;;;;;;;;;;;;;;;;;;;;;;;;;;
34;24;34;19;35;20;42;28;20;31;38;16;44;16;39;22;40;20;26;22;16;26;29;0;0;0;0;0;0;0;0;0;0;0;;;;;;;;;;;;;;;;;;;;;;;;;;;;;;;;;;;;;;;;;;;;;;;;;;;;;;;;;;;;;;;;;;;;;;;;;;;;;;;;;;;;;;;;;;;;;;;;;;;;;;;;;;;;;;;;;;;;;;;;;;;;;;;;;;;;;;;;;;;;;;;;;;;;;;;;;;;;;;;;;;;;;;;;;;;;;;;;;;;;;;;;;;;;;;;;;;;;;;;;;;;;;;;;;;;;;;;;;;;;;;;;;;;;;;;;;;;;;;;;;;;;;;;;;;;;;;;;;;;;;;;;;;;;;;;;;;;;;;;;;;;;;;;;;;;;;;;;;;;;;;;;;;;;;;;;;;;;;;;;;;;;;;
33;37;34;38;11;24;25;13;34;40;14;12;32;29;24;36;24;19;25;18;27;26;27;47;50;69;107;118;129;131;157;110;144;162;87;135;102;;;;;;;;;;;;;;;;;;;;;;;;;;;;;;;;;;;;;;;;;;;;;;;;;;;;;;;;;;;;;;;;;;;;;;;;;;;;;;;;;;;;;;;;;;;;;;;;;;;;;;;;;;;;;;;;;;;;;;;;;;;;;;;;;;;;;;;;;;;;;;;;;;;;;;;;;;;;;;;;;;;;;;;;;;;;;;;;;;;;;;;;;;;;;;;;;;;;;;;;;;;;;;;;;;;;;;;;;;;;;;;;;;;;;;;;;;;;;;;;;;;;;;;;;;;;;;;;;;;;;;;;;;;;;;;;;;;;;;;;;;;;;;;;;;;;;;;;;;;;;;;;;;;;;;;;;;;;;;;;;;;
27;12;14;15;10;15;9;8;27;7;25;18;24;9;20;19;17;25;9;8;26;25;27;181;147;87;170;137;261;135;142;180;153;186;241;102;99;;;;;;;;;;;;;;;;;;;;;;;;;;;;;;;;;;;;;;;;;;;;;;;;;;;;;;;;;;;;;;;;;;;;;;;;;;;;;;;;;;;;;;;;;;;;;;;;;;;;;;;;;;;;;;;;;;;;;;;;;;;;;;;;;;;;;;;;;;;;;;;;;;;;;;;;;;;;;;;;;;;;;;;;;;;;;;;;;;;;;;;;;;;;;;;;;;;;;;;;;;;;;;;;;;;;;;;;;;;;;;;;;;;;;;;;;;;;;;;;;;;;;;;;;;;;;;;;;;;;;;;;;;;;;;;;;;;;;;;;;;;;;;;;;;;;;;;;;;;;;;;;;;;;;;;;;;;;;;;;;;;
19;21;18;7;11;5;30;32;34;9;18;29;32;12;6;27;25;29;5;7;12;7;15;219;97;87;193;111;133;188;118;80;55;222;108;95;179;;;;;;;;;;;;;;;;;;;;;;;;;;;;;;;;;;;;;;;;;;;;;;;;;;;;;;;;;;;;;;;;;;;;;;;;;;;;;;;;;;;;;;;;;;;;;;;;;;;;;;;;;;;;;;;;;;;;;;;;;;;;;;;;;;;;;;;;;;;;;;;;;;;;;;;;;;;;;;;;;;;;;;;;;;;;;;;;;;;;;;;;;;;;;;;;;;;;;;;;;;;;;;;;;;;;;;;;;;;;;;;;;;;;;;;;;;;;;;;;;;;;;;;;;;;;;;;;;;;;;;;;;;;;;;;;;;;;;;;;;;;;;;;;;;;;;;;;;;;;;;;;;;;;;;;;;;;;;;;;;;;
25;11;35;34;17;22;9;18;28;8;28;11;27;33;32;20;11;23;15;33;35;23;22;214;66;166;220;151;56;131;129;89;102;199;223;128;97;;;;;;;;;;;;;;;;;;;;;;;;;;;;;;;;;;;;;;;;;;;;;;;;;;;;;;;;;;;;;;;;;;;;;;;;;;;;;;;;;;;;;;;;;;;;;;;;;;;;;;;;;;;;;;;;;;;;;;;;;;;;;;;;;;;;;;;;;;;;;;;;;;;;;;;;;;;;;;;;;;;;;;;;;;;;;;;;;;;;;;;;;;;;;;;;;;;;;;;;;;;;;;;;;;;;;;;;;;;;;;;;;;;;;;;;;;;;;;;;;;;;;;;;;;;;;;;;;;;;;;;;;;;;;;;;;;;;;;;;;;;;;;;;;;;;;;;;;;;;;;;;;;;;;;;;;;;;;;;;;;;
16;10;30;27;13;12;26;33;29;8;29;12;15;28;23;22;22;24;31;18;12;31;10;82;151;143;128;64;166;92;150;77;82;135;142;88;151;;;;;;;;;;;;;;;;;;;;;;;;;;;;;;;;;;;;;;;;;;;;;;;;;;;;;;;;;;;;;;;;;;;;;;;;;;;;;;;;;;;;;;;;;;;;;;;;;;;;;;;;;;;;;;;;;;;;;;;;;;;;;;;;;;;;;;;;;;;;;;;;;;;;;;;;;;;;;;;;;;;;;;;;;;;;;;;;;;;;;;;;;;;;;;;;;;;;;;;;;;;;;;;;;;;;;;;;;;;;;;;;;;;;;;;;;;;;;;;;;;;;;;;;;;;;;;;;;;;;;;;;;;;;;;;;;;;;;;;;;;;;;;;;;;;;;;;;;;;;;;;;;;;;;;;;;;;;;;;;;;;
15;17;11;19;18;17;14;20;19;10;9;16;10;19;15;11;13;17;19;18;11;15;20;152;100;140;176;205;56;85;215;216;218;43;40;179;98;;;;;;;;;;;;;;;;;;;;;;;;;;;;;;;;;;;;;;;;;;;;;;;;;;;;;;;;;;;;;;;;;;;;;;;;;;;;;;;;;;;;;;;;;;;;;;;;;;;;;;;;;;;;;;;;;;;;;;;;;;;;;;;;;;;;;;;;;;;;;;;;;;;;;;;;;;;;;;;;;;;;;;;;;;;;;;;;;;;;;;;;;;;;;;;;;;;;;;;;;;;;;;;;;;;;;;;;;;;;;;;;;;;;;;;;;;;;;;;;;;;;;;;;;;;;;;;;;;;;;;;;;;;;;;;;;;;;;;;;;;;;;;;;;;;;;;;;;;;;;;;;;;;;;;;;;;;;;;;;;;;
17;15;15;6;14;14;5;11;13;5;12;5;18;16;12;13;5;9;10;15;6;8;10;251;67;156;162;279;155;59;167;266;144;180;147;151;224;;;;;;;;;;;;;;;;;;;;;;;;;;;;;;;;;;;;;;;;;;;;;;;;;;;;;;;;;;;;;;;;;;;;;;;;;;;;;;;;;;;;;;;;;;;;;;;;;;;;;;;;;;;;;;;;;;;;;;;;;;;;;;;;;;;;;;;;;;;;;;;;;;;;;;;;;;;;;;;;;;;;;;;;;;;;;;;;;;;;;;;;;;;;;;;;;;;;;;;;;;;;;;;;;;;;;;;;;;;;;;;;;;;;;;;;;;;;;;;;;;;;;;;;;;;;;;;;;;;;;;;;;;;;;;;;;;;;;;;;;;;;;;;;;;;;;;;;;;;;;;;;;;;;;;;;;;;;;;;;;;;
23;13;8;20;24;27;27;17;13;12;20;18;26;7;30;27;21;25;26;16;21;25;24;101;169;214;74;158;217;154;201;142;96;87;152;145;258;;;;;;;;;;;;;;;;;;;;;;;;;;;;;;;;;;;;;;;;;;;;;;;;;;;;;;;;;;;;;;;;;;;;;;;;;;;;;;;;;;;;;;;;;;;;;;;;;;;;;;;;;;;;;;;;;;;;;;;;;;;;;;;;;;;;;;;;;;;;;;;;;;;;;;;;;;;;;;;;;;;;;;;;;;;;;;;;;;;;;;;;;;;;;;;;;;;;;;;;;;;;;;;;;;;;;;;;;;;;;;;;;;;;;;;;;;;;;;;;;;;;;;;;;;;;;;;;;;;;;;;;;;;;;;;;;;;;;;;;;;;;;;;;;;;;;;;;;;;;;;;;;;;;;;;;;;;;;;;;;;;
11;17;11;17;11;16;22;22;23;14;14;8;17;13;13;15;13;21;17;7;19;16;19;1;1;1;1;1;1;0;0;0;0;;;;;;;;;;;;;;;;;;;;;;;;;;;;;;;;;;;;;;;;;;;;;;;;;;;;;;;;;;;;;;;;;;;;;;;;;;;;;;;;;;;;;;;;;;;;;;;;;;;;;;;;;;;;;;;;;;;;;;;;;;;;;;;;;;;;;;;;;;;;;;;;;;;;;;;;;;;;;;;;;;;;;;;;;;;;;;;;;;;;;;;;;;;;;;;;;;;;;;;;;;;;;;;;;;;;;;;;;;;;;;;;;;;;;;;;;;;;;;;;;;;;;;;;;;;;;;;;;;;;;;;;;;;;;;;;;;;;;;;;;;;;;;;;;;;;;;;;;;;;;;;;;;;;;;;;;;;;;;;;;;;;;;;
16;12;16;19;23;29;27;19;12;15;16;25;29;9;20;23;11;18;19;24;23;24;13;58;48;64;43;101;50;46;59;54;94;93;100;86;82;47;43;74;94;72;78;58;60;78;78;58;79;95;95;44;102;69;64;94;72;64;77;63;90;70;48;87;84;57;82;86;93;48;57;102;66;79;99;57;47;81;40;94;70;87;53;51;83;51;79;60;41;55;64;91;89;70;73;65;63;52;61;43;46;58;49;103;52;87;60;78;69;42;85;76;63;;;;;;;;;;;;;;;;;;;;;;;;;;;;;;;;;;;;;;;;;;;;;;;;;;;;;;;;;;;;;;;;;;;;;;;;;;;;;;;;;;;;;;;;;;;;;;;;;;;;;;;;;;;;;;;;;;;;;;;;;;;;;;;;;;;;;;;;;;;;;;;;;;;;;;;;;;;;;;;;;;;;;;;;;;;;;;;;;;;;;;;;;;;;;;;;;;;;;;;;;;;;;;;;;;;;;;;;;;;;;;;;;;;;;;;;;;;;;;;;;;;;;;;
42;16;2;31;43;48;5;49;39;3;18;9;39;10;40;11;47;49;19;33;9;18;22;139;138;169;121;192;228;172;150;146;216;117;176;128;201;82;141;165;233;132;184;80;169;131;79;117;137;118;72;107;66;222;224;148;136;107;98;211;202;185;90;208;222;74;144;163;203;130;165;170;74;102;202;65;92;223;173;150;113;100;154;216;136;187;231;210;60;205;73;65;152;169;109;213;75;226;126;223;120;140;235;123;80;143;109;89;140;192;114;218;205;;;;;;;;;;;;;;;;;;;;;;;;;;;;;;;;;;;;;;;;;;;;;;;;;;;;;;;;;;;;;;;;;;;;;;;;;;;;;;;;;;;;;;;;;;;;;;;;;;;;;;;;;;;;;;;;;;;;;;;;;;;;;;;;;;;;;;;;;;;;;;;;;;;;;;;;;;;;;;;;;;;;;;;;;;;;;;;;;;;;;;;;;;;;;;;;;;;;;;;;;;;;;;;;;;;;;;;;;;;;;;;;;;;;;;;;;;;;;;;;;;;;;;;
13;21;17;17;14;20;10;24;10;12;26;24;28;27;18;10;28;10;26;27;17;20;28;138;84;170;49;91;143;175;185;202;132;96;154;164;193;68;105;137;63;185;153;90;182;49;163;110;84;34;68;195;178;126;101;145;87;98;58;123;97;117;79;182;175;174;143;77;198;157;177;39;178;156;200;114;159;42;49;197;86;102;46;108;137;151;60;63;176;85;71;103;146;73;144;104;102;120;137;158;179;147;44;161;140;36;39;132;66;158;124;180;145;;;;;;;;;;;;;;;;;;;;;;;;;;;;;;;;;;;;;;;;;;;;;;;;;;;;;;;;;;;;;;;;;;;;;;;;;;;;;;;;;;;;;;;;;;;;;;;;;;;;;;;;;;;;;;;;;;;;;;;;;;;;;;;;;;;;;;;;;;;;;;;;;;;;;;;;;;;;;;;;;;;;;;;;;;;;;;;;;;;;;;;;;;;;;;;;;;;;;;;;;;;;;;;;;;;;;;;;;;;;;;;;;;;;;;;;;;;;;;;;;;;;;;;
11;21;35;6;22;10;12;37;12;7;32;22;38;5;10;37;33;34;23;28;36;14;20;150;105;240;188;144;133;180;82;193;258;121;83;73;244;165;164;237;58;105;232;161;163;80;81;219;211;142;246;98;66;234;234;80;216;259;55;136;170;176;162;56;228;178;51;115;194;183;74;256;109;223;187;83;241;100;95;153;58;177;153;108;192;206;257;180;240;173;115;76;165;208;197;180;248;180;132;170;57;185;141;230;190;192;203;231;247;98;154;109;215;;;;;;;;;;;;;;;;;;;;;;;;;;;;;;;;;;;;;;;;;;;;;;;;;;;;;;;;;;;;;;;;;;;;;;;;;;;;;;;;;;;;;;;;;;;;;;;;;;;;;;;;;;;;;;;;;;;;;;;;;;;;;;;;;;;;;;;;;;;;;;;;;;;;;;;;;;;;;;;;;;;;;;;;;;;;;;;;;;;;;;;;;;;;;;;;;;;;;;;;;;;;;;;;;;;;;;;;;;;;;;;;;;;;;;;;;;;;;;;;;;;;;;;
34;16;21;7;9;35;9;33;12;34;6;31;32;30;24;37;24;6;20;25;24;26;16;128;136;71;168;66;177;115;124;128;212;70;84;88;60;97;66;142;144;80;60;86;136;102;209;217;169;198;140;160;159;224;169;167;197;145;158;62;84;210;202;74;153;212;223;60;108;154;190;70;164;126;209;148;190;63;178;129;63;167;224;144;118;113;223;146;88;161;207;172;217;207;218;188;117;160;110;214;224;175;78;145;153;194;211;117;146;97;157;138;164;;;;;;;;;;;;;;;;;;;;;;;;;;;;;;;;;;;;;;;;;;;;;;;;;;;;;;;;;;;;;;;;;;;;;;;;;;;;;;;;;;;;;;;;;;;;;;;;;;;;;;;;;;;;;;;;;;;;;;;;;;;;;;;;;;;;;;;;;;;;;;;;;;;;;;;;;;;;;;;;;;;;;;;;;;;;;;;;;;;;;;;;;;;;;;;;;;;;;;;;;;;;;;;;;;;;;;;;;;;;;;;;;;;;;;;;;;;;;;;;;;;;;;;
37;14;19;17;20;23;33;32;29;34;32;22;24;7;11;16;13;30;32;21;15;36;9;108;38;102;136;73;101;109;108;70;58;64;110;109;59;115;92;129;114;100;63;77;61;71;120;38;106;36;61;75;103;43;127;62;89;83;117;101;98;59;56;50;78;70;137;52;53;68;44;70;114;38;82;109;71;125;66;40;119;62;64;77;79;64;88;110;100;65;74;85;120;37;59;59;44;43;37;79;109;116;102;95;119;123;115;104;128;81;119;118;110;;;;;;;;;;;;;;;;;;;;;;;;;;;;;;;;;;;;;;;;;;;;;;;;;;;;;;;;;;;;;;;;;;;;;;;;;;;;;;;;;;;;;;;;;;;;;;;;;;;;;;;;;;;;;;;;;;;;;;;;;;;;;;;;;;;;;;;;;;;;;;;;;;;;;;;;;;;;;;;;;;;;;;;;;;;;;;;;;;;;;;;;;;;;;;;;;;;;;;;;;;;;;;;;;;;;;;;;;;;;;;;;;;;;;;;;;;;;;;;;;;;;;;;
19;7;15;11;13;5;22;21;5;8;3;8;8;4;5;19;20;10;9;9;5;6;18;172;100;164;85;146;75;108;176;100;107;106;146;60;93;123;79;78;96;135;152;181;181;66;140;93;143;164;135;124;63;99;94;111;120;183;122;140;69;71;85;182;178;132;79;178;163;185;120;139;145;89;149;89;79;156;151;143;173;182;128;135;62;138;53;120;105;179;100;55;73;108;93;141;129;67;183;104;85;134;179;120;181;161;116;164;73;147;66;78;150;;;;;;;;;;;;;;;;;;;;;;;;;;;;;;;;;;;;;;;;;;;;;;;;;;;;;;;;;;;;;;;;;;;;;;;;;;;;;;;;;;;;;;;;;;;;;;;;;;;;;;;;;;;;;;;;;;;;;;;;;;;;;;;;;;;;;;;;;;;;;;;;;;;;;;;;;;;;;;;;;;;;;;;;;;;;;;;;;;;;;;;;;;;;;;;;;;;;;;;;;;;;;;;;;;;;;;;;;;;;;;;;;;;;;;;;;;;;;;;;;;;;;;;
20;21;28;19;3;15;3;10;12;39;11;17;22;25;38;45;20;5;23;13;46;41;24;139;157;137;155;126;79;72;182;57;182;168;58;83;75;87;169;129;116;116;151;44;158;90;57;127;175;143;39;108;132;52;153;147;69;102;58;89;135;156;102;171;58;159;96;159;47;94;65;168;40;186;101;40;100;133;88;186;132;83;106;65;91;74;93;131;137;105;153;141;172;154;189;108;49;155;144;126;130;143;133;119;50;41;79;116;91;57;122;49;76;;;;;;;;;;;;;;;;;;;;;;;;;;;;;;;;;;;;;;;;;;;;;;;;;;;;;;;;;;;;;;;;;;;;;;;;;;;;;;;;;;;;;;;;;;;;;;;;;;;;;;;;;;;;;;;;;;;;;;;;;;;;;;;;;;;;;;;;;;;;;;;;;;;;;;;;;;;;;;;;;;;;;;;;;;;;;;;;;;;;;;;;;;;;;;;;;;;;;;;;;;;;;;;;;;;;;;;;;;;;;;;;;;;;;;;;;;;;;;;;;;;;;;;
45;11;44;36;22;25;39;36;21;41;24;38;33;21;34;19;42;10;32;30;40;15;26;74;153;193;129;70;78;152;117;66;181;102;101;166;131;133;137;99;67;155;76;95;179;115;90;168;85;94;177;158;124;161;117;168;126;144;99;186;62;75;106;63;148;124;150;142;57;184;101;168;98;123;151;68;66;171;130;67;183;184;91;133;188;114;63;171;159;74;169;90;191;105;166;73;119;168;61;117;197;95;198;106;180;182;184;78;110;195;161;187;76;;;;;;;;;;;;;;;;;;;;;;;;;;;;;;;;;;;;;;;;;;;;;;;;;;;;;;;;;;;;;;;;;;;;;;;;;;;;;;;;;;;;;;;;;;;;;;;;;;;;;;;;;;;;;;;;;;;;;;;;;;;;;;;;;;;;;;;;;;;;;;;;;;;;;;;;;;;;;;;;;;;;;;;;;;;;;;;;;;;;;;;;;;;;;;;;;;;;;;;;;;;;;;;;;;;;;;;;;;;;;;;;;;;;;;;;;;;;;;;;;;;;;;;
21;26;35;8;30;24;5;12;6;2;14;4;6;31;36;13;7;17;2;26;21;6;21;101;66;110;97;71;79;88;70;87;97;106;52;51;99;75;91;61;101;108;104;115;63;86;87;116;122;66;79;92;120;60;91;56;62;68;85;118;79;74;108;55;89;117;57;74;61;114;64;77;114;53;80;88;100;52;63;74;64;55;66;85;97;109;103;115;107;83;108;85;102;92;99;106;57;61;67;120;69;77;69;85;122;118;85;81;75;57;68;104;103;;;;;;;;;;;;;;;;;;;;;;;;;;;;;;;;;;;;;;;;;;;;;;;;;;;;;;;;;;;;;;;;;;;;;;;;;;;;;;;;;;;;;;;;;;;;;;;;;;;;;;;;;;;;;;;;;;;;;;;;;;;;;;;;;;;;;;;;;;;;;;;;;;;;;;;;;;;;;;;;;;;;;;;;;;;;;;;;;;;;;;;;;;;;;;;;;;;;;;;;;;;;;;;;;;;;;;;;;;;;;;;;;;;;;;;;;;;;;;;;;;;;;;;
29;28;6;27;6;4;20;6;13;23;5;15;18;28;16;32;24;10;30;5;8;14;31;155;120;179;96;146;146;143;202;164;160;200;161;119;132;146;193;108;64;58;169;;;;;;;;;;;;;;;;;;;;;;;;;;;;;;;;;;;;;;;;;;;;;;;;;;;;;;;;;;;;;;;;;;;;;;;;;;;;;;;;;;;;;;;;;;;;;;;;;;;;;;;;;;;;;;;;;;;;;;;;;;;;;;;;;;;;;;;;;;;;;;;;;;;;;;;;;;;;;;;;;;;;;;;;;;;;;;;;;;;;;;;;;;;;;;;;;;;;;;;;;;;;;;;;;;;;;;;;;;;;;;;;;;;;;;;;;;;;;;;;;;;;;;;;;;;;;;;;;;;;;;;;;;;;;;;;;;;;;;;;;;;;;;;;;;;;;;;;;;;;;;;;;;;;;;;;;;;;;
17;5;14;8;12;5;17;13;15;5;16;17;13;10;16;14;6;13;11;14;17;11;16;197;276;134;254;163;95;238;126;214;128;247;150;86;283;189;211;279;81;279;51;162;;;;;;;;;;;;;;;;;;;;;;;;;;;;;;;;;;;;;;;;;;;;;;;;;;;;;;;;;;;;;;;;;;;;;;;;;;;;;;;;;;;;;;;;;;;;;;;;;;;;;;;;;;;;;;;;;;;;;;;;;;;;;;;;;;;;;;;;;;;;;;;;;;;;;;;;;;;;;;;;;;;;;;;;;;;;;;;;;;;;;;;;;;;;;;;;;;;;;;;;;;;;;;;;;;;;;;;;;;;;;;;;;;;;;;;;;;;;;;;;;;;;;;;;;;;;;;;;;;;;;;;;;;;;;;;;;;;;;;;;;;;;;;;;;;;;;;;;;;;;;;;;;;;;;;;;;;;;
27;20;20;16;9;9;3;26;18;33;33;25;28;7;19;15;1;24;28;9;31;28;12;181;169;166;127;68;138;169;71;159;135;99;183;87;105;164;72;166;57;172;144;71;;;;;;;;;;;;;;;;;;;;;;;;;;;;;;;;;;;;;;;;;;;;;;;;;;;;;;;;;;;;;;;;;;;;;;;;;;;;;;;;;;;;;;;;;;;;;;;;;;;;;;;;;;;;;;;;;;;;;;;;;;;;;;;;;;;;;;;;;;;;;;;;;;;;;;;;;;;;;;;;;;;;;;;;;;;;;;;;;;;;;;;;;;;;;;;;;;;;;;;;;;;;;;;;;;;;;;;;;;;;;;;;;;;;;;;;;;;;;;;;;;;;;;;;;;;;;;;;;;;;;;;;;;;;;;;;;;;;;;;;;;;;;;;;;;;;;;;;;;;;;;;;;;;;;;;;;;;;
14;47;49;28;11;19;23;47;48;41;14;27;22;40;17;14;27;26;40;38;26;42;17;113;81;131;157;161;102;110;158;91;136;141;106;117;83;140;94;98;80;86;90;60;154;87;106;83;92;138;156;108;122;130;150;58;70;124;150;91;65;141;157;95;93;137;153;82;123;115;120;74;59;83;83;151;98;128;136;157;88;138;91;124;160;115;110;130;107;62;132;104;145;98;127;124;75;80;93;160;89;161;120;84;61;94;108;100;120;80;106;103;59;;;;;;;;;;;;;;;;;;;;;;;;;;;;;;;;;;;;;;;;;;;;;;;;;;;;;;;;;;;;;;;;;;;;;;;;;;;;;;;;;;;;;;;;;;;;;;;;;;;;;;;;;;;;;;;;;;;;;;;;;;;;;;;;;;;;;;;;;;;;;;;;;;;;;;;;;;;;;;;;;;;;;;;;;;;;;;;;;;;;;;;;;;;;;;;;;;;;;;;;;;;;;;;;;;;;;;;;;;;;;;;;;;;;;;;;;;;;;;;;;;;;;;;
22;15;15;13;12;26;21;29;22;10;38;8;14;33;8;10;19;5;6;13;28;25;38;134;85;181;142;84;230;157;119;97;214;178;151;86;192;67;110;148;182;185;73;95;240;215;181;102;50;123;202;92;195;142;147;157;223;106;65;68;70;186;144;155;106;102;98;205;46;146;84;162;70;222;61;207;106;187;60;173;98;239;115;175;190;74;81;127;62;102;199;176;83;51;213;165;145;147;113;138;211;195;134;117;71;205;222;90;133;203;118;122;50;;;;;;;;;;;;;;;;;;;;;;;;;;;;;;;;;;;;;;;;;;;;;;;;;;;;;;;;;;;;;;;;;;;;;;;;;;;;;;;;;;;;;;;;;;;;;;;;;;;;;;;;;;;;;;;;;;;;;;;;;;;;;;;;;;;;;;;;;;;;;;;;;;;;;;;;;;;;;;;;;;;;;;;;;;;;;;;;;;;;;;;;;;;;;;;;;;;;;;;;;;;;;;;;;;;;;;;;;;;;;;;;;;;;;;;;;;;;;;;;;;;;;;;
15;44;35;21;20;31;19;32;19;25;31;28;37;19;23;41;28;33;27;17;19;26;45;141;78;73;93;135;119;103;130;99;87;103;118;140;140;93;111;125;77;63;57;137;149;72;88;149;157;83;133;90;87;91;138;111;70;113;146;59;109;153;100;130;148;87;136;136;127;67;113;77;99;157;150;51;74;148;124;82;51;104;139;143;141;132;105;103;137;162;80;166;130;155;115;159;166;83;82;109;66;108;141;97;124;90;110;128;150;146;106;91;123;;;;;;;;;;;;;;;;;;;;;;;;;;;;;;;;;;;;;;;;;;;;;;;;;;;;;;;;;;;;;;;;;;;;;;;;;;;;;;;;;;;;;;;;;;;;;;;;;;;;;;;;;;;;;;;;;;;;;;;;;;;;;;;;;;;;;;;;;;;;;;;;;;;;;;;;;;;;;;;;;;;;;;;;;;;;;;;;;;;;;;;;;;;;;;;;;;;;;;;;;;;;;;;;;;;;;;;;;;;;;;;;;;;;;;;;;;;;;;;;;;;;;;;
13;15;15;13;21;20;13;16;21;25;18;16;18;13;12;15;8;12;22;13;20;14;22;144;76;102;91;103;46;119;168;119;154;70;100;101;104;157;112;56;116;90;117;151;175;135;51;154;95;141;146;55;109;88;74;89;198;54;156;196;39;142;94;70;161;75;117;43;144;198;110;108;142;127;172;195;163;142;106;194;50;200;181;94;180;146;64;139;108;144;178;121;74;74;124;64;110;162;120;165;144;39;104;137;61;139;195;135;159;183;82;111;203;;;;;;;;;;;;;;;;;;;;;;;;;;;;;;;;;;;;;;;;;;;;;;;;;;;;;;;;;;;;;;;;;;;;;;;;;;;;;;;;;;;;;;;;;;;;;;;;;;;;;;;;;;;;;;;;;;;;;;;;;;;;;;;;;;;;;;;;;;;;;;;;;;;;;;;;;;;;;;;;;;;;;;;;;;;;;;;;;;;;;;;;;;;;;;;;;;;;;;;;;;;;;;;;;;;;;;;;;;;;;;;;;;;;;;;;;;;;;;;;;;;;;;;
15;15;20;24;18;21;9;21;14;11;11;15;23;7;18;14;14;11;16;15;18;8;23;136;81;104;219;126;181;59;84;130;185;86;132;160;114;71;120;140;114;114;181;197;52;209;203;82;202;183;217;58;205;196;123;166;65;102;82;121;109;222;60;156;69;129;215;222;143;45;167;187;58;78;196;163;213;67;158;102;169;135;103;214;69;157;179;110;144;174;72;55;222;102;181;103;108;71;145;207;107;213;187;61;112;219;56;101;203;72;124;136;62;;;;;;;;;;;;;;;;;;;;;;;;;;;;;;;;;;;;;;;;;;;;;;;;;;;;;;;;;;;;;;;;;;;;;;;;;;;;;;;;;;;;;;;;;;;;;;;;;;;;;;;;;;;;;;;;;;;;;;;;;;;;;;;;;;;;;;;;;;;;;;;;;;;;;;;;;;;;;;;;;;;;;;;;;;;;;;;;;;;;;;;;;;;;;;;;;;;;;;;;;;;;;;;;;;;;;;;;;;;;;;;;;;;;;;;;;;;;;;;;;;;;;;;
18;11;6;9;26;27;12;11;13;12;20;23;20;6;26;26;26;17;6;26;12;11;4;143;68;99;134;210;215;199;210;158;201;103;176;87;215;158;239;177;226;206;231;109;278;201;243;102;235;112;189;148;244;197;133;207;158;158;109;169;272;159;71;192;150;140;135;239;195;79;74;118;227;202;205;188;103;136;173;222;235;131;164;69;106;214;82;107;153;269;215;111;141;191;115;161;49;252;51;201;278;262;164;93;134;179;145;147;61;182;99;107;190;;;;;;;;;;;;;;;;;;;;;;;;;;;;;;;;;;;;;;;;;;;;;;;;;;;;;;;;;;;;;;;;;;;;;;;;;;;;;;;;;;;;;;;;;;;;;;;;;;;;;;;;;;;;;;;;;;;;;;;;;;;;;;;;;;;;;;;;;;;;;;;;;;;;;;;;;;;;;;;;;;;;;;;;;;;;;;;;;;;;;;;;;;;;;;;;;;;;;;;;;;;;;;;;;;;;;;;;;;;;;;;;;;;;;;;;;;;;;;;;;;;;;;;
12;15;15;18;16;19;17;14;4;10;5;14;7;19;4;5;17;12;16;12;15;18;11;150;136;184;116;169;195;77;81;142;191;198;136;159;168;40;99;76;81;182;110;118;165;57;99;74;51;112;76;139;194;193;128;191;134;167;125;142;40;120;150;130;154;82;95;46;147;52;119;45;45;91;89;131;88;42;75;95;70;115;95;129;65;131;148;82;41;110;67;132;97;117;80;41;176;156;98;72;112;139;159;82;48;182;55;182;74;73;129;168;134;;;;;;;;;;;;;;;;;;;;;;;;;;;;;;;;;;;;;;;;;;;;;;;;;;;;;;;;;;;;;;;;;;;;;;;;;;;;;;;;;;;;;;;;;;;;;;;;;;;;;;;;;;;;;;;;;;;;;;;;;;;;;;;;;;;;;;;;;;;;;;;;;;;;;;;;;;;;;;;;;;;;;;;;;;;;;;;;;;;;;;;;;;;;;;;;;;;;;;;;;;;;;;;;;;;;;;;;;;;;;;;;;;;;;;;;;;;;;;;;;;;;;;;
22;20;20;5;14;16;8;2;14;11;10;11;5;11;4;2;20;17;11;18;4;13;7;54;70;63;42;60;47;101;109;41;95;94;61;92;102;62;79;105;95;103;68;58;102;70;54;112;77;86;87;64;69;107;68;62;68;66;65;38;67;113;67;112;55;103;93;98;110;38;85;89;58;85;67;100;68;55;77;107;94;81;103;101;45;47;54;90;110;64;54;82;100;97;59;111;52;45;39;102;66;100;113;94;91;62;109;96;60;41;100;46;98;;;;;;;;;;;;;;;;;;;;;;;;;;;;;;;;;;;;;;;;;;;;;;;;;;;;;;;;;;;;;;;;;;;;;;;;;;;;;;;;;;;;;;;;;;;;;;;;;;;;;;;;;;;;;;;;;;;;;;;;;;;;;;;;;;;;;;;;;;;;;;;;;;;;;;;;;;;;;;;;;;;;;;;;;;;;;;;;;;;;;;;;;;;;;;;;;;;;;;;;;;;;;;;;;;;;;;;;;;;;;;;;;;;;;;;;;;;;;;;;;;;;;;;
6;9;11;13;8;17;18;16;13;5;8;10;19;14;6;16;6;5;16;11;6;11;18;243;70;54;89;145;192;117;248;80;249;157;159;128;249;253;73;194;73;272;77;271;258;95;134;166;128;191;179;238;205;77;96;210;147;258;240;196;176;81;149;151;137;134;159;182;113;111;123;252;162;128;122;274;216;94;129;223;236;60;157;98;127;73;105;134;60;57;208;257;81;55;116;53;195;82;57;178;238;84;166;160;75;258;197;201;138;80;231;66;221;;;;;;;;;;;;;;;;;;;;;;;;;;;;;;;;;;;;;;;;;;;;;;;;;;;;;;;;;;;;;;;;;;;;;;;;;;;;;;;;;;;;;;;;;;;;;;;;;;;;;;;;;;;;;;;;;;;;;;;;;;;;;;;;;;;;;;;;;;;;;;;;;;;;;;;;;;;;;;;;;;;;;;;;;;;;;;;;;;;;;;;;;;;;;;;;;;;;;;;;;;;;;;;;;;;;;;;;;;;;;;;;;;;;;;;;;;;;;;;;;;;;;;;
23;10;26;24;12;15;24;10;21;24;16;10;16;15;25;11;25;18;11;26;12;12;14;226;76;134;98;237;242;198;44;170;148;69;43;236;146;204;219;208;76;33;216;174;66;98;52;111;240;195;185;216;64;184;84;146;222;177;64;133;191;243;57;240;103;47;40;54;63;126;194;137;216;134;171;252;262;229;224;236;62;108;120;260;80;195;191;235;157;79;266;35;242;124;135;162;247;177;77;184;36;216;203;127;234;249;102;189;53;154;190;248;191;;;;;;;;;;;;;;;;;;;;;;;;;;;;;;;;;;;;;;;;;;;;;;;;;;;;;;;;;;;;;;;;;;;;;;;;;;;;;;;;;;;;;;;;;;;;;;;;;;;;;;;;;;;;;;;;;;;;;;;;;;;;;;;;;;;;;;;;;;;;;;;;;;;;;;;;;;;;;;;;;;;;;;;;;;;;;;;;;;;;;;;;;;;;;;;;;;;;;;;;;;;;;;;;;;;;;;;;;;;;;;;;;;;;;;;;;;;;;;;;;;;;;;;
16;24;15;21;18;11;20;18;11;17;15;14;17;15;17;24;19;13;23;24;12;10;15;135;94;159;173;90;57;180;100;130;166;163;56;127;142;146;60;138;181;73;165;151;132;110;120;110;62;150;130;85;65;159;48;150;94;142;144;136;127;113;167;109;138;102;102;172;55;88;180;103;162;101;89;51;126;173;45;136;95;89;148;156;161;57;86;74;61;148;98;49;180;126;123;80;117;89;117;62;71;65;87;186;49;62;51;160;135;68;155;123;163;;;;;;;;;;;;;;;;;;;;;;;;;;;;;;;;;;;;;;;;;;;;;;;;;;;;;;;;;;;;;;;;;;;;;;;;;;;;;;;;;;;;;;;;;;;;;;;;;;;;;;;;;;;;;;;;;;;;;;;;;;;;;;;;;;;;;;;;;;;;;;;;;;;;;;;;;;;;;;;;;;;;;;;;;;;;;;;;;;;;;;;;;;;;;;;;;;;;;;;;;;;;;;;;;;;;;;;;;;;;;;;;;;;;;;;;;;;;;;;;;;;;;;;
39;9;34;12;8;20;26;12;8;47;42;8;34;24;24;8;38;9;47;20;41;34;27;61;184;140;130;108;187;82;169;95;263;137;132;240;77;38;153;74;99;95;106;48;108;139;133;60;84;58;151;90;84;61;174;215;44;49;173;202;43;202;61;257;188;137;147;99;138;38;260;179;81;139;45;237;251;86;69;218;158;256;189;192;59;49;69;189;159;93;132;114;259;222;59;179;241;248;39;105;126;247;113;47;227;166;164;66;152;66;182;210;182;;;;;;;;;;;;;;;;;;;;;;;;;;;;;;;;;;;;;;;;;;;;;;;;;;;;;;;;;;;;;;;;;;;;;;;;;;;;;;;;;;;;;;;;;;;;;;;;;;;;;;;;;;;;;;;;;;;;;;;;;;;;;;;;;;;;;;;;;;;;;;;;;;;;;;;;;;;;;;;;;;;;;;;;;;;;;;;;;;;;;;;;;;;;;;;;;;;;;;;;;;;;;;;;;;;;;;;;;;;;;;;;;;;;;;;;;;;;;;;;;;;;;;;
13;7;7;7;10;14;14;11;10;15;10;10;11;12;10;8;14;9;11;9;12;11;13;136;120;110;174;147;53;144;128;151;49;150;141;160;73;138;84;158;41;182;38;49;158;97;77;171;43;63;155;186;129;144;50;121;169;73;63;97;120;70;128;164;46;185;87;117;134;121;182;183;103;179;111;186;114;92;85;85;91;171;170;150;57;102;98;41;156;128;49;171;77;168;121;55;120;38;124;158;65;112;119;49;105;37;134;115;148;82;120;74;86;;;;;;;;;;;;;;;;;;;;;;;;;;;;;;;;;;;;;;;;;;;;;;;;;;;;;;;;;;;;;;;;;;;;;;;;;;;;;;;;;;;;;;;;;;;;;;;;;;;;;;;;;;;;;;;;;;;;;;;;;;;;;;;;;;;;;;;;;;;;;;;;;;;;;;;;;;;;;;;;;;;;;;;;;;;;;;;;;;;;;;;;;;;;;;;;;;;;;;;;;;;;;;;;;;;;;;;;;;;;;;;;;;;;;;;;;;;;;;;;;;;;;;;
8;16;22;26;17;20;5;17;25;8;14;19;29;24;15;26;23;14;11;14;15;17;8;65;176;107;182;292;71;208;199;298;149;285;136;131;194;46;178;83;287;110;167;217;223;203;141;208;72;196;154;127;258;117;119;70;294;62;110;154;223;118;88;76;115;120;201;172;260;292;274;49;178;191;295;273;128;58;63;145;174;130;143;168;133;187;96;110;156;271;272;274;113;193;88;204;142;227;137;144;193;247;119;46;155;281;73;80;132;272;211;65;172;;;;;;;;;;;;;;;;;;;;;;;;;;;;;;;;;;;;;;;;;;;;;;;;;;;;;;;;;;;;;;;;;;;;;;;;;;;;;;;;;;;;;;;;;;;;;;;;;;;;;;;;;;;;;;;;;;;;;;;;;;;;;;;;;;;;;;;;;;;;;;;;;;;;;;;;;;;;;;;;;;;;;;;;;;;;;;;;;;;;;;;;;;;;;;;;;;;;;;;;;;;;;;;;;;;;;;;;;;;;;;;;;;;;;;;;;;;;;;;;;;;;;;;
40;17;12;16;6;46;2;39;44;19;7;2;30;45;23;24;4;25;36;37;25;24;40;171;108;245;280;130;157;66;129;255;189;247;148;57;115;189;238;129;45;273;182;86;277;63;150;96;154;205;169;123;277;254;132;181;216;233;45;285;58;279;178;269;72;262;116;74;251;86;240;254;223;47;164;271;85;109;127;53;229;117;236;249;117;109;151;289;145;144;188;131;230;133;120;131;217;145;159;121;43;121;198;287;162;111;242;192;151;44;172;272;76;;;;;;;;;;;;;;;;;;;;;;;;;;;;;;;;;;;;;;;;;;;;;;;;;;;;;;;;;;;;;;;;;;;;;;;;;;;;;;;;;;;;;;;;;;;;;;;;;;;;;;;;;;;;;;;;;;;;;;;;;;;;;;;;;;;;;;;;;;;;;;;;;;;;;;;;;;;;;;;;;;;;;;;;;;;;;;;;;;;;;;;;;;;;;;;;;;;;;;;;;;;;;;;;;;;;;;;;;;;;;;;;;;;;;;;;;;;;;;;;;;;;;;;
37;13;9;35;25;15;20;34;19;25;18;9;26;10;34;9;21;30;36;22;35;10;19;125;141;214;126;118;131;189;120;176;122;216;58;110;199;47;127;57;70;201;73;123;81;198;66;97;206;148;98;178;136;153;47;214;88;195;52;87;61;203;208;109;44;182;206;90;199;63;129;50;87;84;57;204;203;200;97;77;178;125;55;59;80;161;94;50;184;207;140;58;106;206;72;118;205;113;157;95;216;128;47;180;212;202;163;206;196;94;84;188;196;;;;;;;;;;;;;;;;;;;;;;;;;;;;;;;;;;;;;;;;;;;;;;;;;;;;;;;;;;;;;;;;;;;;;;;;;;;;;;;;;;;;;;;;;;;;;;;;;;;;;;;;;;;;;;;;;;;;;;;;;;;;;;;;;;;;;;;;;;;;;;;;;;;;;;;;;;;;;;;;;;;;;;;;;;;;;;;;;;;;;;;;;;;;;;;;;;;;;;;;;;;;;;;;;;;;;;;;;;;;;;;;;;;;;;;;;;;;;;;;;;;;;;;
42;27;14;34;11;17;7;47;20;41;27;21;29;29;31;11;18;14;16;35;31;25;12;173;122;169;148;91;102;96;73;176;89;79;201;127;66;75;88;130;111;88;156;94;151;194;54;164;87;94;138;149;176;160;154;70;128;147;69;165;196;51;176;109;178;187;155;75;119;127;185;69;71;152;131;164;108;179;181;148;141;126;46;80;143;169;157;184;160;90;138;81;166;82;153;141;145;126;185;152;164;123;115;50;174;185;158;133;63;192;133;60;162;;;;;;;;;;;;;;;;;;;;;;;;;;;;;;;;;;;;;;;;;;;;;;;;;;;;;;;;;;;;;;;;;;;;;;;;;;;;;;;;;;;;;;;;;;;;;;;;;;;;;;;;;;;;;;;;;;;;;;;;;;;;;;;;;;;;;;;;;;;;;;;;;;;;;;;;;;;;;;;;;;;;;;;;;;;;;;;;;;;;;;;;;;;;;;;;;;;;;;;;;;;;;;;;;;;;;;;;;;;;;;;;;;;;;;;;;;;;;;;;;;;;;;;
26;34;30;25;33;37;25;18;27;31;20;32;23;36;27;40;28;18;31;20;11;14;25;126;83;38;145;47;78;112;113;157;149;108;103;38;156;96;138;99;123;153;74;40;45;153;50;117;158;130;54;84;48;42;73;100;77;76;96;46;82;136;43;134;135;95;91;143;141;86;107;71;84;85;108;100;103;131;78;43;132;53;40;146;53;95;47;121;87;86;125;70;96;86;62;152;71;133;154;102;40;72;65;63;157;111;38;151;78;106;60;138;139;;;;;;;;;;;;;;;;;;;;;;;;;;;;;;;;;;;;;;;;;;;;;;;;;;;;;;;;;;;;;;;;;;;;;;;;;;;;;;;;;;;;;;;;;;;;;;;;;;;;;;;;;;;;;;;;;;;;;;;;;;;;;;;;;;;;;;;;;;;;;;;;;;;;;;;;;;;;;;;;;;;;;;;;;;;;;;;;;;;;;;;;;;;;;;;;;;;;;;;;;;;;;;;;;;;;;;;;;;;;;;;;;;;;;;;;;;;;;;;;;;;;;;;
34;40;19;18;25;36;7;42;20;24;34;28;44;16;33;37;10;7;13;43;33;18;16;72;173;113;245;79;214;209;132;83;142;112;158;148;91;111;218;223;242;231;185;123;53;101;65;216;173;52;255;137;56;147;181;156;167;164;81;56;81;108;52;118;69;155;73;100;75;248;216;140;173;236;197;183;94;51;225;208;167;114;197;206;138;162;82;244;187;84;120;128;112;133;200;71;220;253;213;198;197;178;156;134;175;214;162;226;115;241;175;249;92;;;;;;;;;;;;;;;;;;;;;;;;;;;;;;;;;;;;;;;;;;;;;;;;;;;;;;;;;;;;;;;;;;;;;;;;;;;;;;;;;;;;;;;;;;;;;;;;;;;;;;;;;;;;;;;;;;;;;;;;;;;;;;;;;;;;;;;;;;;;;;;;;;;;;;;;;;;;;;;;;;;;;;;;;;;;;;;;;;;;;;;;;;;;;;;;;;;;;;;;;;;;;;;;;;;;;;;;;;;;;;;;;;;;;;;;;;;;;;;;;;;;;;;
19;41;15;13;8;44;25;14;46;21;32;14;9;33;10;24;18;44;47;40;31;35;14;179;80;75;95;113;188;101;106;125;152;118;191;186;195;181;109;182;159;143;184;95;92;153;86;153;;;;;;;;;;;;;;;;;;;;;;;;;;;;;;;;;;;;;;;;;;;;;;;;;;;;;;;;;;;;;;;;;;;;;;;;;;;;;;;;;;;;;;;;;;;;;;;;;;;;;;;;;;;;;;;;;;;;;;;;;;;;;;;;;;;;;;;;;;;;;;;;;;;;;;;;;;;;;;;;;;;;;;;;;;;;;;;;;;;;;;;;;;;;;;;;;;;;;;;;;;;;;;;;;;;;;;;;;;;;;;;;;;;;;;;;;;;;;;;;;;;;;;;;;;;;;;;;;;;;;;;;;;;;;;;;;;;;;;;;;;;;;;;;;;;;;;;;;;;;;;;;;;;;;;;;
21;14;20;11;11;19;19;6;14;5;22;19;11;6;9;10;9;18;19;5;12;9;6;151;171;202;110;151;101;75;65;78;133;216;214;131;180;72;111;118;240;242;131;175;237;165;44;151;118;119;55;115;197;157;237;160;213;66;158;204;222;119;161;153;105;76;249;76;126;60;177;54;49;217;61;94;205;64;96;133;185;237;194;90;105;150;153;79;179;51;105;205;69;140;88;189;172;218;221;190;108;234;99;225;217;210;133;142;135;184;220;243;43;;;;;;;;;;;;;;;;;;;;;;;;;;;;;;;;;;;;;;;;;;;;;;;;;;;;;;;;;;;;;;;;;;;;;;;;;;;;;;;;;;;;;;;;;;;;;;;;;;;;;;;;;;;;;;;;;;;;;;;;;;;;;;;;;;;;;;;;;;;;;;;;;;;;;;;;;;;;;;;;;;;;;;;;;;;;;;;;;;;;;;;;;;;;;;;;;;;;;;;;;;;;;;;;;;;;;;;;;;;;;;;;;;;;;;;;;;;;;;;;;;;;;;;
6;7;5;8;35;29;7;15;27;23;9;33;35;19;14;34;11;36;15;15;7;40;11;90;66;74;83;70;72;35;84;33;76;72;77;41;81;40;58;51;36;85;70;40;56;76;85;85;61;67;59;71;49;86;54;87;33;32;77;38;57;63;59;42;37;75;79;88;85;49;71;87;81;40;64;70;78;83;37;45;79;42;68;47;63;47;82;66;78;38;58;80;62;60;76;65;46;70;38;79;86;69;58;54;75;78;71;72;87;55;60;37;46;;;;;;;;;;;;;;;;;;;;;;;;;;;;;;;;;;;;;;;;;;;;;;;;;;;;;;;;;;;;;;;;;;;;;;;;;;;;;;;;;;;;;;;;;;;;;;;;;;;;;;;;;;;;;;;;;;;;;;;;;;;;;;;;;;;;;;;;;;;;;;;;;;;;;;;;;;;;;;;;;;;;;;;;;;;;;;;;;;;;;;;;;;;;;;;;;;;;;;;;;;;;;;;;;;;;;;;;;;;;;;;;;;;;;;;;;;;;;;;;;;;;;;;
16;27;30;20;17;33;23;21;20;14;32;19;19;31;30;32;23;18;28;10;28;17;21;45;40;88;43;77;55;45;57;44;79;42;98;49;66;65;52;98;36;51;94;77;79;89;95;84;35;85;75;101;52;44;59;82;100;88;77;44;49;67;67;37;89;33;94;82;77;82;60;47;74;53;58;79;43;41;41;71;65;74;87;79;93;68;78;61;42;33;69;42;66;88;46;39;33;57;83;78;79;46;37;99;56;96;46;95;95;57;39;94;89;;;;;;;;;;;;;;;;;;;;;;;;;;;;;;;;;;;;;;;;;;;;;;;;;;;;;;;;;;;;;;;;;;;;;;;;;;;;;;;;;;;;;;;;;;;;;;;;;;;;;;;;;;;;;;;;;;;;;;;;;;;;;;;;;;;;;;;;;;;;;;;;;;;;;;;;;;;;;;;;;;;;;;;;;;;;;;;;;;;;;;;;;;;;;;;;;;;;;;;;;;;;;;;;;;;;;;;;;;;;;;;;;;;;;;;;;;;;;;;;;;;;;;;
34;16;37;18;35;21;27;20;46;34;36;45;43;26;15;11;18;9;14;38;32;41;48;228;35;215;118;36;144;191;202;211;36;115;134;219;199;112;143;185;113;222;;;;;;;;;;;;;;;;;;;;;;;;;;;;;;;;;;;;;;;;;;;;;;;;;;;;;;;;;;;;;;;;;;;;;;;;;;;;;;;;;;;;;;;;;;;;;;;;;;;;;;;;;;;;;;;;;;;;;;;;;;;;;;;;;;;;;;;;;;;;;;;;;;;;;;;;;;;;;;;;;;;;;;;;;;;;;;;;;;;;;;;;;;;;;;;;;;;;;;;;;;;;;;;;;;;;;;;;;;;;;;;;;;;;;;;;;;;;;;;;;;;;;;;;;;;;;;;;;;;;;;;;;;;;;;;;;;;;;;;;;;;;;;;;;;;;;;;;;;;;;;;;;;;;;;;;;;;;;;
3;28;3;19;13;23;15;12;10;11;10;13;36;31;21;27;28;12;8;25;23;6;8;54;185;75;174;120;243;164;169;132;169;84;47;95;159;98;92;153;241;192;;;;;;;;;;;;;;;;;;;;;;;;;;;;;;;;;;;;;;;;;;;;;;;;;;;;;;;;;;;;;;;;;;;;;;;;;;;;;;;;;;;;;;;;;;;;;;;;;;;;;;;;;;;;;;;;;;;;;;;;;;;;;;;;;;;;;;;;;;;;;;;;;;;;;;;;;;;;;;;;;;;;;;;;;;;;;;;;;;;;;;;;;;;;;;;;;;;;;;;;;;;;;;;;;;;;;;;;;;;;;;;;;;;;;;;;;;;;;;;;;;;;;;;;;;;;;;;;;;;;;;;;;;;;;;;;;;;;;;;;;;;;;;;;;;;;;;;;;;;;;;;;;;;;;;;;;;;;;;
36;7;34;36;37;48;33;25;32;22;43;30;12;31;11;32;46;16;21;7;44;10;29;117;192;166;230;123;215;213;51;200;197;63;48;176;224;166;143;53;62;113;;;;;;;;;;;;;;;;;;;;;;;;;;;;;;;;;;;;;;;;;;;;;;;;;;;;;;;;;;;;;;;;;;;;;;;;;;;;;;;;;;;;;;;;;;;;;;;;;;;;;;;;;;;;;;;;;;;;;;;;;;;;;;;;;;;;;;;;;;;;;;;;;;;;;;;;;;;;;;;;;;;;;;;;;;;;;;;;;;;;;;;;;;;;;;;;;;;;;;;;;;;;;;;;;;;;;;;;;;;;;;;;;;;;;;;;;;;;;;;;;;;;;;;;;;;;;;;;;;;;;;;;;;;;;;;;;;;;;;;;;;;;;;;;;;;;;;;;;;;;;;;;;;;;;;;;;;;;;;
10;11;15;13;15;17;16;10;16;19;17;15;18;10;17;16;7;13;12;7;16;9;18;43;116;206;85;144;122;64;190;52;179;34;195;184;87;183;67;77;191;156;;;;;;;;;;;;;;;;;;;;;;;;;;;;;;;;;;;;;;;;;;;;;;;;;;;;;;;;;;;;;;;;;;;;;;;;;;;;;;;;;;;;;;;;;;;;;;;;;;;;;;;;;;;;;;;;;;;;;;;;;;;;;;;;;;;;;;;;;;;;;;;;;;;;;;;;;;;;;;;;;;;;;;;;;;;;;;;;;;;;;;;;;;;;;;;;;;;;;;;;;;;;;;;;;;;;;;;;;;;;;;;;;;;;;;;;;;;;;;;;;;;;;;;;;;;;;;;;;;;;;;;;;;;;;;;;;;;;;;;;;;;;;;;;;;;;;;;;;;;;;;;;;;;;;;;;;;;;;;
10;11;27;20;34;24;21;34;19;10;14;27;10;22;25;28;34;14;21;31;9;20;19;164;140;190;121;242;150;178;54;96;109;215;287;257;141;154;119;187;151;275;;;;;;;;;;;;;;;;;;;;;;;;;;;;;;;;;;;;;;;;;;;;;;;;;;;;;;;;;;;;;;;;;;;;;;;;;;;;;;;;;;;;;;;;;;;;;;;;;;;;;;;;;;;;;;;;;;;;;;;;;;;;;;;;;;;;;;;;;;;;;;;;;;;;;;;;;;;;;;;;;;;;;;;;;;;;;;;;;;;;;;;;;;;;;;;;;;;;;;;;;;;;;;;;;;;;;;;;;;;;;;;;;;;;;;;;;;;;;;;;;;;;;;;;;;;;;;;;;;;;;;;;;;;;;;;;;;;;;;;;;;;;;;;;;;;;;;;;;;;;;;;;;;;;;;;;;;;;;;
12;10;14;3;8;13;12;5;6;6;4;7;6;8;6;8;5;6;3;4;16;6;6;112;130;78;161;119;47;157;73;34;70;45;134;163;147;60;92;34;163;141;;;;;;;;;;;;;;;;;;;;;;;;;;;;;;;;;;;;;;;;;;;;;;;;;;;;;;;;;;;;;;;;;;;;;;;;;;;;;;;;;;;;;;;;;;;;;;;;;;;;;;;;;;;;;;;;;;;;;;;;;;;;;;;;;;;;;;;;;;;;;;;;;;;;;;;;;;;;;;;;;;;;;;;;;;;;;;;;;;;;;;;;;;;;;;;;;;;;;;;;;;;;;;;;;;;;;;;;;;;;;;;;;;;;;;;;;;;;;;;;;;;;;;;;;;;;;;;;;;;;;;;;;;;;;;;;;;;;;;;;;;;;;;;;;;;;;;;;;;;;;;;;;;;;;;;;;;;;;;
10;16;6;8;8;17;5;11;14;3;4;4;15;6;4;7;7;13;16;6;6;12;16;115;130;119;90;76;140;90;47;137;118;53;95;76;97;140;111;136;171;50;;;;;;;;;;;;;;;;;;;;;;;;;;;;;;;;;;;;;;;;;;;;;;;;;;;;;;;;;;;;;;;;;;;;;;;;;;;;;;;;;;;;;;;;;;;;;;;;;;;;;;;;;;;;;;;;;;;;;;;;;;;;;;;;;;;;;;;;;;;;;;;;;;;;;;;;;;;;;;;;;;;;;;;;;;;;;;;;;;;;;;;;;;;;;;;;;;;;;;;;;;;;;;;;;;;;;;;;;;;;;;;;;;;;;;;;;;;;;;;;;;;;;;;;;;;;;;;;;;;;;;;;;;;;;;;;;;;;;;;;;;;;;;;;;;;;;;;;;;;;;;;;;;;;;;;;;;;;;;
7;34;11;34;8;16;20;17;20;12;35;31;9;11;18;18;13;27;14;23;20;12;29;65;72;105;64;94;74;69;100;64;105;59;69;83;104;103;71;77;56;96;;;;;;;;;;;;;;;;;;;;;;;;;;;;;;;;;;;;;;;;;;;;;;;;;;;;;;;;;;;;;;;;;;;;;;;;;;;;;;;;;;;;;;;;;;;;;;;;;;;;;;;;;;;;;;;;;;;;;;;;;;;;;;;;;;;;;;;;;;;;;;;;;;;;;;;;;;;;;;;;;;;;;;;;;;;;;;;;;;;;;;;;;;;;;;;;;;;;;;;;;;;;;;;;;;;;;;;;;;;;;;;;;;;;;;;;;;;;;;;;;;;;;;;;;;;;;;;;;;;;;;;;;;;;;;;;;;;;;;;;;;;;;;;;;;;;;;;;;;;;;;;;;;;;;;;;;;;;;;
30;15;11;32;20;13;17;25;8;11;11;8;14;31;19;7;23;25;19;32;22;11;30;68;67;58;92;80;87;60;83;58;91;69;101;90;61;85;57;65;61;82;;;;;;;;;;;;;;;;;;;;;;;;;;;;;;;;;;;;;;;;;;;;;;;;;;;;;;;;;;;;;;;;;;;;;;;;;;;;;;;;;;;;;;;;;;;;;;;;;;;;;;;;;;;;;;;;;;;;;;;;;;;;;;;;;;;;;;;;;;;;;;;;;;;;;;;;;;;;;;;;;;;;;;;;;;;;;;;;;;;;;;;;;;;;;;;;;;;;;;;;;;;;;;;;;;;;;;;;;;;;;;;;;;;;;;;;;;;;;;;;;;;;;;;;;;;;;;;;;;;;;;;;;;;;;;;;;;;;;;;;;;;;;;;;;;;;;;;;;;;;;;;;;;;;;;;;;;;;;;
17;20;42;25;31;9;36;8;11;24;17;21;33;34;35;43;30;6;17;31;20;44;19;147;112;117;197;89;67;84;119;152;85;170;62;202;183;75;42;153;162;202;;;;;;;;;;;;;;;;;;;;;;;;;;;;;;;;;;;;;;;;;;;;;;;;;;;;;;;;;;;;;;;;;;;;;;;;;;;;;;;;;;;;;;;;;;;;;;;;;;;;;;;;;;;;;;;;;;;;;;;;;;;;;;;;;;;;;;;;;;;;;;;;;;;;;;;;;;;;;;;;;;;;;;;;;;;;;;;;;;;;;;;;;;;;;;;;;;;;;;;;;;;;;;;;;;;;;;;;;;;;;;;;;;;;;;;;;;;;;;;;;;;;;;;;;;;;;;;;;;;;;;;;;;;;;;;;;;;;;;;;;;;;;;;;;;;;;;;;;;;;;;;;;;;;;;;;;;;;;;
9;9;15;12;12;11;12;17;16;15;15;14;12;9;17;15;13;14;12;10;14;16;13;147;106;139;94;109;129;146;129;112;86;130;98;83;62;64;66;63;86;140;;;;;;;;;;;;;;;;;;;;;;;;;;;;;;;;;;;;;;;;;;;;;;;;;;;;;;;;;;;;;;;;;;;;;;;;;;;;;;;;;;;;;;;;;;;;;;;;;;;;;;;;;;;;;;;;;;;;;;;;;;;;;;;;;;;;;;;;;;;;;;;;;;;;;;;;;;;;;;;;;;;;;;;;;;;;;;;;;;;;;;;;;;;;;;;;;;;;;;;;;;;;;;;;;;;;;;;;;;;;;;;;;;;;;;;;;;;;;;;;;;;;;;;;;;;;;;;;;;;;;;;;;;;;;;;;;;;;;;;;;;;;;;;;;;;;;;;;;;;;;;;;;;;;;;;;;;;;;;
33;14;36;29;8;36;36;34;26;15;22;32;31;15;26;36;8;11;19;34;24;17;35;89;75;58;88;79;80;74;74;80;72;62;71;72;58;90;63;63;84;83;;;;;;;;;;;;;;;;;;;;;;;;;;;;;;;;;;;;;;;;;;;;;;;;;;;;;;;;;;;;;;;;;;;;;;;;;;;;;;;;;;;;;;;;;;;;;;;;;;;;;;;;;;;;;;;;;;;;;;;;;;;;;;;;;;;;;;;;;;;;;;;;;;;;;;;;;;;;;;;;;;;;;;;;;;;;;;;;;;;;;;;;;;;;;;;;;;;;;;;;;;;;;;;;;;;;;;;;;;;;;;;;;;;;;;;;;;;;;;;;;;;;;;;;;;;;;;;;;;;;;;;;;;;;;;;;;;;;;;;;;;;;;;;;;;;;;;;;;;;;;;;;;;;;;;;;;;;;;;
33;23;26;40;10;11;23;38;15;29;24;30;32;13;32;38;6;37;13;7;25;42;32;57;73;94;59;97;82;76;84;72;50;50;50;89;69;75;68;58;62;98;;;;;;;;;;;;;;;;;;;;;;;;;;;;;;;;;;;;;;;;;;;;;;;;;;;;;;;;;;;;;;;;;;;;;;;;;;;;;;;;;;;;;;;;;;;;;;;;;;;;;;;;;;;;;;;;;;;;;;;;;;;;;;;;;;;;;;;;;;;;;;;;;;;;;;;;;;;;;;;;;;;;;;;;;;;;;;;;;;;;;;;;;;;;;;;;;;;;;;;;;;;;;;;;;;;;;;;;;;;;;;;;;;;;;;;;;;;;;;;;;;;;;;;;;;;;;;;;;;;;;;;;;;;;;;;;;;;;;;;;;;;;;;;;;;;;;;;;;;;;;;;;;;;;;;;;;;;;;;
10;16;11;10;36;7;39;24;6;31;8;23;11;8;27;26;7;24;6;10;10;7;32;48;149;163;93;114;172;77;128;44;149;114;173;98;198;163;153;44;178;109;;;;;;;;;;;;;;;;;;;;;;;;;;;;;;;;;;;;;;;;;;;;;;;;;;;;;;;;;;;;;;;;;;;;;;;;;;;;;;;;;;;;;;;;;;;;;;;;;;;;;;;;;;;;;;;;;;;;;;;;;;;;;;;;;;;;;;;;;;;;;;;;;;;;;;;;;;;;;;;;;;;;;;;;;;;;;;;;;;;;;;;;;;;;;;;;;;;;;;;;;;;;;;;;;;;;;;;;;;;;;;;;;;;;;;;;;;;;;;;;;;;;;;;;;;;;;;;;;;;;;;;;;;;;;;;;;;;;;;;;;;;;;;;;;;;;;;;;;;;;;;;;;;;;;;;;;;;;;;
21;6;6;5;20;17;22;9;14;13;14;2;3;15;9;11;23;8;14;21;22;16;3;149;125;130;60;93;187;180;182;195;164;143;157;167;216;67;149;121;141;199;;;;;;;;;;;;;;;;;;;;;;;;;;;;;;;;;;;;;;;;;;;;;;;;;;;;;;;;;;;;;;;;;;;;;;;;;;;;;;;;;;;;;;;;;;;;;;;;;;;;;;;;;;;;;;;;;;;;;;;;;;;;;;;;;;;;;;;;;;;;;;;;;;;;;;;;;;;;;;;;;;;;;;;;;;;;;;;;;;;;;;;;;;;;;;;;;;;;;;;;;;;;;;;;;;;;;;;;;;;;;;;;;;;;;;;;;;;;;;;;;;;;;;;;;;;;;;;;;;;;;;;;;;;;;;;;;;;;;;;;;;;;;;;;;;;;;;;;;;;;;;;;;;;;;;;;;;;;;;
7;24;46;34;32;9;20;37;46;10;4;18;25;5;42;36;48;35;22;36;22;17;21;76;77;56;169;110;177;78;172;227;137;214;87;72;74;189;70;137;241;88;;;;;;;;;;;;;;;;;;;;;;;;;;;;;;;;;;;;;;;;;;;;;;;;;;;;;;;;;;;;;;;;;;;;;;;;;;;;;;;;;;;;;;;;;;;;;;;;;;;;;;;;;;;;;;;;;;;;;;;;;;;;;;;;;;;;;;;;;;;;;;;;;;;;;;;;;;;;;;;;;;;;;;;;;;;;;;;;;;;;;;;;;;;;;;;;;;;;;;;;;;;;;;;;;;;;;;;;;;;;;;;;;;;;;;;;;;;;;;;;;;;;;;;;;;;;;;;;;;;;;;;;;;;;;;;;;;;;;;;;;;;;;;;;;;;;;;;;;;;;;;;;;;;;;;;;;;;;;;
14;14;9;15;13;11;10;16;12;16;14;11;13;11;16;15;17;14;14;13;17;12;9;113;90;44;121;76;113;70;83;59;100;120;73;108;50;102;120;55;74;97;;;;;;;;;;;;;;;;;;;;;;;;;;;;;;;;;;;;;;;;;;;;;;;;;;;;;;;;;;;;;;;;;;;;;;;;;;;;;;;;;;;;;;;;;;;;;;;;;;;;;;;;;;;;;;;;;;;;;;;;;;;;;;;;;;;;;;;;;;;;;;;;;;;;;;;;;;;;;;;;;;;;;;;;;;;;;;;;;;;;;;;;;;;;;;;;;;;;;;;;;;;;;;;;;;;;;;;;;;;;;;;;;;;;;;;;;;;;;;;;;;;;;;;;;;;;;;;;;;;;;;;;;;;;;;;;;;;;;;;;;;;;;;;;;;;;;;;;;;;;;;;;;;;;;;;;;;;;;;
12;12;3;19;7;17;5;19;7;5;17;17;4;14;12;4;5;6;2;10;3;9;11;68;124;83;62;175;235;190;100;83;222;68;72;129;237;65;68;82;211;250;88;245;86;213;172;126;100;88;73;190;246;79;172;119;74;212;121;198;166;176;122;102;188;251;63;158;188;146;251;172;134;211;62;236;204;135;255;77;119;60;177;139;173;116;188;155;231;144;99;138;61;78;93;147;62;255;153;91;87;61;109;193;66;72;128;201;251;92;238;240;167;;;;;;;;;;;;;;;;;;;;;;;;;;;;;;;;;;;;;;;;;;;;;;;;;;;;;;;;;;;;;;;;;;;;;;;;;;;;;;;;;;;;;;;;;;;;;;;;;;;;;;;;;;;;;;;;;;;;;;;;;;;;;;;;;;;;;;;;;;;;;;;;;;;;;;;;;;;;;;;;;;;;;;;;;;;;;;;;;;;;;;;;;;;;;;;;;;;;;;;;;;;;;;;;;;;;;;;;;;;;;;;;;;;;;;;;;;;;;;;;;;;;;;;
45;37;25;5;28;6;50;47;14;44;5;35;23;36;43;19;40;47;19;20;24;19;33;64;58;111;99;113;75;73;61;50;123;92;57;111;90;80;78;54;112;51;98;125;90;60;64;101;128;107;50;55;126;87;68;49;90;106;83;79;85;66;104;78;80;116;81;124;86;86;102;99;52;83;109;110;122;76;127;96;104;53;76;71;69;87;75;127;93;64;51;48;69;82;100;68;113;124;112;128;53;120;70;67;51;85;109;50;72;90;57;121;117;;;;;;;;;;;;;;;;;;;;;;;;;;;;;;;;;;;;;;;;;;;;;;;;;;;;;;;;;;;;;;;;;;;;;;;;;;;;;;;;;;;;;;;;;;;;;;;;;;;;;;;;;;;;;;;;;;;;;;;;;;;;;;;;;;;;;;;;;;;;;;;;;;;;;;;;;;;;;;;;;;;;;;;;;;;;;;;;;;;;;;;;;;;;;;;;;;;;;;;;;;;;;;;;;;;;;;;;;;;;;;;;;;;;;;;;;;;;;;;;;;;;;;;
22;21;22;27;9;42;23;9;33;24;46;34;24;19;28;24;18;6;44;14;39;25;15;73;86;103;75;113;114;125;114;93;76;36;48;110;69;40;125;93;126;48;59;72;64;116;98;135;117;77;122;62;121;122;57;85;115;80;99;40;90;115;83;121;88;119;126;57;78;88;117;86;107;94;120;42;38;119;90;75;54;69;86;86;54;73;90;112;76;38;56;78;134;68;72;112;58;94;83;126;54;69;43;51;69;91;105;119;125;110;135;114;51;;;;;;;;;;;;;;;;;;;;;;;;;;;;;;;;;;;;;;;;;;;;;;;;;;;;;;;;;;;;;;;;;;;;;;;;;;;;;;;;;;;;;;;;;;;;;;;;;;;;;;;;;;;;;;;;;;;;;;;;;;;;;;;;;;;;;;;;;;;;;;;;;;;;;;;;;;;;;;;;;;;;;;;;;;;;;;;;;;;;;;;;;;;;;;;;;;;;;;;;;;;;;;;;;;;;;;;;;;;;;;;;;;;;;;;;;;;;;;;;;;;;;;;
31;34;41;26;36;12;19;28;7;30;13;11;36;16;16;12;22;20;28;36;37;20;28;108;129;123;234;211;231;256;178;243;117;140;240;168;212;207;201;131;149;51;215;129;191;107;257;196;215;132;227;211;143;247;239;259;70;163;187;200;71;94;199;254;69;78;240;242;189;54;197;72;163;233;148;111;221;107;230;257;208;175;62;149;123;146;58;67;260;212;175;72;67;106;256;108;245;224;174;179;151;52;73;97;210;98;160;176;163;186;163;185;188;;;;;;;;;;;;;;;;;;;;;;;;;;;;;;;;;;;;;;;;;;;;;;;;;;;;;;;;;;;;;;;;;;;;;;;;;;;;;;;;;;;;;;;;;;;;;;;;;;;;;;;;;;;;;;;;;;;;;;;;;;;;;;;;;;;;;;;;;;;;;;;;;;;;;;;;;;;;;;;;;;;;;;;;;;;;;;;;;;;;;;;;;;;;;;;;;;;;;;;;;;;;;;;;;;;;;;;;;;;;;;;;;;;;;;;;;;;;;;;;;;;;;;;
21;17;7;22;8;16;8;10;25;26;9;12;19;3;18;6;17;20;11;9;15;16;21;97;86;92;113;111;100;93;68;52;125;129;37;106;93;105;121;86;106;40;66;127;36;113;70;125;52;36;91;97;39;125;89;48;92;114;71;75;69;62;115;44;120;91;62;36;80;80;69;65;51;127;55;110;79;59;74;87;47;96;117;126;125;117;101;120;102;111;54;90;39;115;36;114;91;51;46;49;46;43;32;59;94;77;52;32;106;85;42;88;61;;;;;;;;;;;;;;;;;;;;;;;;;;;;;;;;;;;;;;;;;;;;;;;;;;;;;;;;;;;;;;;;;;;;;;;;;;;;;;;;;;;;;;;;;;;;;;;;;;;;;;;;;;;;;;;;;;;;;;;;;;;;;;;;;;;;;;;;;;;;;;;;;;;;;;;;;;;;;;;;;;;;;;;;;;;;;;;;;;;;;;;;;;;;;;;;;;;;;;;;;;;;;;;;;;;;;;;;;;;;;;;;;;;;;;;;;;;;;;;;;;;;;;;
12;13;18;6;8;21;10;24;15;18;24;20;17;16;24;7;10;9;27;7;10;8;9;62;107;79;63;98;75;104;97;102;79;57;107;135;53;104;132;137;106;86;70;50;79;114;120;114;76;53;128;90;64;88;94;58;104;62;134;85;107;66;80;65;84;70;90;89;111;92;88;51;72;127;62;100;136;116;118;135;70;79;67;130;138;125;105;91;98;51;106;52;76;131;67;127;64;110;108;101;113;69;110;111;83;119;61;134;95;123;52;57;80;;;;;;;;;;;;;;;;;;;;;;;;;;;;;;;;;;;;;;;;;;;;;;;;;;;;;;;;;;;;;;;;;;;;;;;;;;;;;;;;;;;;;;;;;;;;;;;;;;;;;;;;;;;;;;;;;;;;;;;;;;;;;;;;;;;;;;;;;;;;;;;;;;;;;;;;;;;;;;;;;;;;;;;;;;;;;;;;;;;;;;;;;;;;;;;;;;;;;;;;;;;;;;;;;;;;;;;;;;;;;;;;;;;;;;;;;;;;;;;;;;;;;;;
12;7;26;26;25;24;27;14;18;26;7;25;28;28;22;12;25;22;12;9;15;26;17;87;132;136;112;65;74;145;141;123;146;67;64;56;107;99;131;116;123;145;127;74;92;137;57;130;101;111;63;140;58;113;137;81;141;57;135;131;161;135;57;94;93;124;93;148;141;96;85;87;148;98;101;138;65;82;136;93;154;162;152;99;67;93;162;93;73;116;81;73;73;80;57;118;82;149;74;111;71;117;133;119;71;95;138;66;69;63;145;61;134;;;;;;;;;;;;;;;;;;;;;;;;;;;;;;;;;;;;;;;;;;;;;;;;;;;;;;;;;;;;;;;;;;;;;;;;;;;;;;;;;;;;;;;;;;;;;;;;;;;;;;;;;;;;;;;;;;;;;;;;;;;;;;;;;;;;;;;;;;;;;;;;;;;;;;;;;;;;;;;;;;;;;;;;;;;;;;;;;;;;;;;;;;;;;;;;;;;;;;;;;;;;;;;;;;;;;;;;;;;;;;;;;;;;;;;;;;;;;;;;;;;;;;;
40;13;39;9;7;29;13;38;9;5;22;40;39;8;19;13;17;32;38;40;37;11;29;189;293;217;288;115;140;292;145;243;108;99;229;196;246;279;98;203;120;206;268;274;248;283;259;137;199;140;190;89;222;105;145;271;269;114;263;220;280;124;273;208;207;103;87;132;175;168;213;271;262;130;247;294;267;206;140;112;293;163;152;87;295;163;87;157;75;104;253;192;107;119;75;143;188;116;56;78;246;221;257;262;69;179;135;233;196;224;109;294;168;;;;;;;;;;;;;;;;;;;;;;;;;;;;;;;;;;;;;;;;;;;;;;;;;;;;;;;;;;;;;;;;;;;;;;;;;;;;;;;;;;;;;;;;;;;;;;;;;;;;;;;;;;;;;;;;;;;;;;;;;;;;;;;;;;;;;;;;;;;;;;;;;;;;;;;;;;;;;;;;;;;;;;;;;;;;;;;;;;;;;;;;;;;;;;;;;;;;;;;;;;;;;;;;;;;;;;;;;;;;;;;;;;;;;;;;;;;;;;;;;;;;;;;
7;7;11;24;15;22;16;21;19;7;10;7;19;13;14;15;17;17;24;18;17;16;22;103;180;155;208;203;108;99;208;52;135;197;55;243;166;241;133;108;38;160;296;110;180;280;136;49;136;151;257;141;188;136;168;61;78;38;123;45;209;283;37;124;273;225;105;285;263;79;252;254;172;216;255;147;154;65;40;119;40;246;54;201;162;42;284;152;165;76;76;139;235;234;119;155;104;255;253;251;87;112;217;255;212;148;155;54;40;190;240;45;67;;;;;;;;;;;;;;;;;;;;;;;;;;;;;;;;;;;;;;;;;;;;;;;;;;;;;;;;;;;;;;;;;;;;;;;;;;;;;;;;;;;;;;;;;;;;;;;;;;;;;;;;;;;;;;;;;;;;;;;;;;;;;;;;;;;;;;;;;;;;;;;;;;;;;;;;;;;;;;;;;;;;;;;;;;;;;;;;;;;;;;;;;;;;;;;;;;;;;;;;;;;;;;;;;;;;;;;;;;;;;;;;;;;;;;;;;;;;;;;;;;;;;;;
6;17;27;11;43;37;24;36;43;14;21;10;39;39;27;20;41;15;35;46;43;19;8;121;157;157;66;51;55;140;90;121;88;68;177;67;156;40;160;75;63;92;103;160;167;66;62;74;150;79;177;103;48;81;184;56;102;71;52;132;88;107;120;121;48;47;170;138;138;111;113;161;183;95;141;102;78;112;84;158;93;63;142;185;171;145;140;110;137;92;49;182;85;73;149;157;83;84;181;94;163;155;59;119;144;103;100;87;80;92;168;177;115;;;;;;;;;;;;;;;;;;;;;;;;;;;;;;;;;;;;;;;;;;;;;;;;;;;;;;;;;;;;;;;;;;;;;;;;;;;;;;;;;;;;;;;;;;;;;;;;;;;;;;;;;;;;;;;;;;;;;;;;;;;;;;;;;;;;;;;;;;;;;;;;;;;;;;;;;;;;;;;;;;;;;;;;;;;;;;;;;;;;;;;;;;;;;;;;;;;;;;;;;;;;;;;;;;;;;;;;;;;;;;;;;;;;;;;;;;;;;;;;;;;;;;;
16;23;25;5;10;27;6;6;16;11;24;24;27;22;3;9;9;18;12;25;3;13;9;82;97;200;49;266;95;257;226;83;68;104;163;143;130;250;181;239;244;42;44;189;132;226;124;85;148;129;104;128;38;215;53;199;164;151;137;209;213;92;155;80;157;36;221;266;134;127;45;227;110;135;48;138;122;122;217;211;155;76;168;85;45;132;208;94;252;250;110;121;143;64;96;55;240;131;135;68;173;151;98;216;178;48;139;252;153;87;178;114;161;;;;;;;;;;;;;;;;;;;;;;;;;;;;;;;;;;;;;;;;;;;;;;;;;;;;;;;;;;;;;;;;;;;;;;;;;;;;;;;;;;;;;;;;;;;;;;;;;;;;;;;;;;;;;;;;;;;;;;;;;;;;;;;;;;;;;;;;;;;;;;;;;;;;;;;;;;;;;;;;;;;;;;;;;;;;;;;;;;;;;;;;;;;;;;;;;;;;;;;;;;;;;;;;;;;;;;;;;;;;;;;;;;;;;;;;;;;;;;;;;;;;;;;
20;11;36;40;10;40;23;14;26;17;13;27;14;20;15;13;28;32;15;16;19;11;17;172;79;154;87;143;127;32;38;177;71;102;145;174;197;103;114;112;116;192;183;57;123;125;85;101;84;57;147;134;85;87;183;169;126;173;194;105;35;183;108;55;197;176;109;63;160;34;181;70;122;156;190;196;98;89;90;97;56;98;76;156;42;70;156;57;186;119;122;184;106;94;137;86;178;85;154;135;170;121;83;171;126;94;123;176;32;134;175;41;177;;;;;;;;;;;;;;;;;;;;;;;;;;;;;;;;;;;;;;;;;;;;;;;;;;;;;;;;;;;;;;;;;;;;;;;;;;;;;;;;;;;;;;;;;;;;;;;;;;;;;;;;;;;;;;;;;;;;;;;;;;;;;;;;;;;;;;;;;;;;;;;;;;;;;;;;;;;;;;;;;;;;;;;;;;;;;;;;;;;;;;;;;;;;;;;;;;;;;;;;;;;;;;;;;;;;;;;;;;;;;;;;;;;;;;;;;;;;;;;;;;;;;;;
10;5;41;43;8;7;35;9;30;43;33;34;47;32;9;44;35;50;47;31;20;10;44;124;137;138;85;63;196;120;182;62;118;70;54;92;189;130;131;166;109;173;221;205;181;89;77;77;97;198;214;150;80;91;125;65;158;165;99;190;210;152;115;172;118;195;225;58;141;207;96;205;222;205;112;85;159;90;139;181;111;152;144;54;120;162;164;103;205;200;187;220;148;118;58;78;142;114;166;54;136;189;98;129;190;146;81;54;157;186;126;105;180;;;;;;;;;;;;;;;;;;;;;;;;;;;;;;;;;;;;;;;;;;;;;;;;;;;;;;;;;;;;;;;;;;;;;;;;;;;;;;;;;;;;;;;;;;;;;;;;;;;;;;;;;;;;;;;;;;;;;;;;;;;;;;;;;;;;;;;;;;;;;;;;;;;;;;;;;;;;;;;;;;;;;;;;;;;;;;;;;;;;;;;;;;;;;;;;;;;;;;;;;;;;;;;;;;;;;;;;;;;;;;;;;;;;;;;;;;;;;;;;;;;;;;;
13;22;33;23;15;11;13;12;21;11;30;23;16;34;21;18;22;19;32;20;26;32;32;67;58;83;98;86;75;107;56;53;55;123;69;109;56;120;94;92;63;85;130;56;126;77;59;59;89;77;59;133;44;121;120;52;75;65;77;136;124;121;94;59;67;61;95;60;101;96;56;89;86;46;42;103;125;129;135;121;135;90;118;107;59;130;80;83;58;112;70;130;115;96;71;117;75;91;42;69;136;96;98;109;56;101;63;50;61;95;103;85;132;;;;;;;;;;;;;;;;;;;;;;;;;;;;;;;;;;;;;;;;;;;;;;;;;;;;;;;;;;;;;;;;;;;;;;;;;;;;;;;;;;;;;;;;;;;;;;;;;;;;;;;;;;;;;;;;;;;;;;;;;;;;;;;;;;;;;;;;;;;;;;;;;;;;;;;;;;;;;;;;;;;;;;;;;;;;;;;;;;;;;;;;;;;;;;;;;;;;;;;;;;;;;;;;;;;;;;;;;;;;;;;;;;;;;;;;;;;;;;;;;;;;;;;
8;42;5;29;10;10;17;39;39;20;36;7;41;37;13;25;36;39;26;5;3;28;39;82;79;144;146;138;89;66;74;171;116;183;140;202;127;107;169;58;127;76;116;185;198;76;152;125;139;175;192;133;154;171;170;104;167;177;72;184;190;149;122;119;151;183;189;128;212;181;111;78;75;165;80;155;119;208;205;134;147;107;126;56;165;159;86;128;190;70;95;162;140;122;112;149;80;105;121;66;97;200;58;158;123;188;187;97;138;154;143;147;117;;;;;;;;;;;;;;;;;;;;;;;;;;;;;;;;;;;;;;;;;;;;;;;;;;;;;;;;;;;;;;;;;;;;;;;;;;;;;;;;;;;;;;;;;;;;;;;;;;;;;;;;;;;;;;;;;;;;;;;;;;;;;;;;;;;;;;;;;;;;;;;;;;;;;;;;;;;;;;;;;;;;;;;;;;;;;;;;;;;;;;;;;;;;;;;;;;;;;;;;;;;;;;;;;;;;;;;;;;;;;;;;;;;;;;;;;;;;;;;;;;;;;;;
22;11;18;26;26;15;15;19;17;9;26;26;9;22;19;10;27;10;23;12;10;27;21;220;218;268;68;186;110;167;121;169;109;173;266;92;197;62;214;67;221;170;265;154;57;205;63;139;262;73;88;113;156;126;272;193;265;93;89;108;149;226;234;180;84;252;276;278;68;224;123;194;199;279;168;96;207;261;180;58;265;67;194;168;142;106;245;69;241;64;168;132;240;174;179;75;228;186;191;231;83;191;254;199;222;216;180;256;284;171;66;181;83;;;;;;;;;;;;;;;;;;;;;;;;;;;;;;;;;;;;;;;;;;;;;;;;;;;;;;;;;;;;;;;;;;;;;;;;;;;;;;;;;;;;;;;;;;;;;;;;;;;;;;;;;;;;;;;;;;;;;;;;;;;;;;;;;;;;;;;;;;;;;;;;;;;;;;;;;;;;;;;;;;;;;;;;;;;;;;;;;;;;;;;;;;;;;;;;;;;;;;;;;;;;;;;;;;;;;;;;;;;;;;;;;;;;;;;;;;;;;;;;;;;;;;;
9;21;19;22;8;15;21;35;27;31;21;25;22;33;31;34;28;26;14;20;8;21;25;171;82;129;151;65;212;73;242;86;237;152;210;106;187;183;110;63;142;82;151;201;116;204;175;154;123;222;193;136;126;137;176;118;85;154;196;212;58;182;217;237;57;78;171;62;213;125;71;173;144;144;116;149;65;56;139;214;90;169;232;91;171;142;175;211;224;190;175;158;239;85;94;163;130;199;216;132;166;61;233;220;210;205;140;123;185;103;212;119;211;;;;;;;;;;;;;;;;;;;;;;;;;;;;;;;;;;;;;;;;;;;;;;;;;;;;;;;;;;;;;;;;;;;;;;;;;;;;;;;;;;;;;;;;;;;;;;;;;;;;;;;;;;;;;;;;;;;;;;;;;;;;;;;;;;;;;;;;;;;;;;;;;;;;;;;;;;;;;;;;;;;;;;;;;;;;;;;;;;;;;;;;;;;;;;;;;;;;;;;;;;;;;;;;;;;;;;;;;;;;;;;;;;;;;;;;;;;;;;;;;;;;;;;
30;36;38;15;9;20;34;10;10;14;21;32;41;34;33;18;41;33;21;1;9;5;16;140;165;175;206;77;68;183;54;176;185;159;174;150;202;117;174;118;155;77;69;132;56;159;203;80;190;67;150;127;167;166;87;64;86;188;127;115;167;128;146;120;74;72;58;182;108;115;104;67;100;107;63;191;102;56;98;125;198;88;95;62;174;98;208;80;92;146;117;120;168;202;55;208;170;203;172;138;155;208;125;138;78;73;197;191;179;117;78;105;114;;;;;;;;;;;;;;;;;;;;;;;;;;;;;;;;;;;;;;;;;;;;;;;;;;;;;;;;;;;;;;;;;;;;;;;;;;;;;;;;;;;;;;;;;;;;;;;;;;;;;;;;;;;;;;;;;;;;;;;;;;;;;;;;;;;;;;;;;;;;;;;;;;;;;;;;;;;;;;;;;;;;;;;;;;;;;;;;;;;;;;;;;;;;;;;;;;;;;;;;;;;;;;;;;;;;;;;;;;;;;;;;;;;;;;;;;;;;;;;;;;;;;;;
23;10;12;16;17;15;11;23;17;19;9;12;9;17;14;24;8;7;19;18;15;5;14;73;119;69;106;66;119;60;110;101;101;64;112;114;88;74;75;66;74;116;86;83;63;85;74;92;112;98;99;96;93;74;110;60;102;76;101;62;77;72;60;113;96;100;70;99;110;61;66;105;67;70;62;61;62;87;93;117;114;82;66;62;82;71;113;83;71;63;100;115;97;103;102;88;79;107;80;91;85;120;76;100;95;91;114;96;110;71;93;100;99;;;;;;;;;;;;;;;;;;;;;;;;;;;;;;;;;;;;;;;;;;;;;;;;;;;;;;;;;;;;;;;;;;;;;;;;;;;;;;;;;;;;;;;;;;;;;;;;;;;;;;;;;;;;;;;;;;;;;;;;;;;;;;;;;;;;;;;;;;;;;;;;;;;;;;;;;;;;;;;;;;;;;;;;;;;;;;;;;;;;;;;;;;;;;;;;;;;;;;;;;;;;;;;;;;;;;;;;;;;;;;;;;;;;;;;;;;;;;;;;;;;;;;;